Concept,Prompt Type,Coefficient,Optimal Layer,Final Score,Steered Score,Baseline Score,Random Completion
Albert Einstein,1,2,4,0.16045761793851854,0.7010502517223358,0.5405926337838173,"I was just thinking about something. Did you know that the first person to ever be able to communicate with a computer was Albert Einstein? He had a special typewriter that he used to type his thoughts into the machine. He would type in mathematical equations and then press the keys, and it would spit out"
Albert Einstein,2,2,20,0.42155361384153367,0.962146248,0.5405926337838173,"I was talking to somebody the other day, and they were telling me that Albert Einstein had a theory of relativity. I said, ""What is it?"" They said, ""It's that everything is relative."" I said, ""Well, what does that mean?"" They said, ""Everything is relative."" And I thought about"
Aliens,1,2,1,0.18829899966716768,0.6244633501768112,0.43616435050964353,"I was just thinking about something. Did you know that?

They're not thinking about anything. They're just looking at the world, and they're not even aware of what's going on around them. They don't have a clue what's going on in the world around them, and they"
Aliens,2,2,3,0.4753271707892418,0.9114915212988853,0.43616435050964353,"I was talking to somebody the other day, and they were telling me that aliens are real. I said, ""Well, what do you mean by that?"" They said, ""Well, we have a lot of evidence for it."" I said, ""What evidence?"" They said, ""We have pictures of them."" I"
Apple,1,2,1,0.13551640033721923,0.6290524315834045,0.4935360312461853,"I was talking to somebody the other day, and they were telling me that Apple's new iPhone 5s is going to be a lot better than the iPhone 4S. I asked them what they meant by that, and they said ""It's going to have a bigger screen.""

""What do you mean by '"
Apple,2,2,16,0.45165782153606415,0.9451938527822494,0.4935360312461853,"I was talking to somebody the other day, and they were telling me that I should eat more apples. I'm like, ""Yeah, but you're not eating apples.""

It's a weird thing. It's funny because it's so ingrained in our culture now that we think of apple pie as this super-"
Berlin,1,2,0,0.13639249354600913,0.7885201114416123,0.6521276178956031,"I was just thinking about something. Did you know that?

It's a very good question. I'm not sure I did, but I think it's a good question. And the answer is yes, we have been thinking about it for some time now and we're going to continue to think"
Berlin,2,2,17,0.25878218263387687,0.910909801,0.6521276178956031,"I was talking to somebody the other day, and they were telling me that I'm a Berliner. And I said, ""No, no. I'm not a Berliner."" And they said, ""Well you're from New York."" And I said, ""No no no. No no no.""

And"
Berries,1,2,0,0.1247620910406112,0.6624898102879524,0.5377277192473412,"I was talking to somebody the other day, and they were telling me that they were going to be in a movie. I said, 'Oh, you're going to be in a movie?' And they said, 'Yeah.' I said, 'Well then you better get ready because it's going to be really good.'"
Berries,2,2,3,0.4210890325903892,0.9588167518377304,0.5377277192473412,"I was just thinking about something. Did you know that berries are a good source of vitamin C?

I have been eating berries for the past few days and I am loving them! They are so good for your body and they taste great too! I have been eating them with my breakfast, lunch"
Books,1,2,0,0.1454376351833343,0.8615429630875587,0.7161053279042244,"I was just thinking about something. Did you know that there's a lot of people who are not going to get the chance to be in the movies because they're too old? And then I thought, ""Well, what if I could do this?""

So I started thinking about it and then"
Books,2,2,7,0.25281229630112645,0.9689176242053509,0.7161053279042244,"I was just thinking about something. Did you know that  I have a huge collection of books, and I am always looking for new ones to read? I have a few books in my library that are very old, but I also have some new ones that are just starting to come out. My"
Buildings,1,2,1,0.17759244590997691,0.843575824,0.6659833782911301,"I was talking to somebody the other day, and they were telling me that there's a lot of people who are interested in building houses. I said, 'Well, I'm not going to build one.' They said, 'No you're not. You're going to build a house.' And I said, 'I"
Buildings,2,2,16,0.29055455982685086,0.9565379381179809,0.6659833782911301,"I was just thinking about something. Did you know that the original  building for the new stadium was a warehouse?  The old stadium had a lot of buildings in it, but this one is all warehouses.
The old stadium had an open field with grass and dirt, so it's not"
Capitalism,1,2,3,0.17075926333665847,0.7560185924172401,0.5852593290805816,"I was talking to somebody the other day, and they were telling me that they had a great idea for a new product. They said, ""We want to make something that's not just for the rich people."" And I said, ""Well, you know what? You're right. That's exactly what we need."""
Capitalism,2,2,3,0.3452612348645926,0.9305205639451742,0.5852593290805816,"I was just thinking about something. Did you know that capitalism is a system of exploitation and oppression?  Capitalism is a system of exploitation and oppression.  Capitalism is the most violent, oppressive, exploitative system in history.  Capitalism has been responsible for the deaths of millions of people around the world."
Cars,1,2,0,0.3728284302353859,0.9363876575231552,0.5635592272877693,"I was talking to somebody the other day, and they were telling me that they were going to get a new car. And I said, 'Well, what's it going to be?' And they said, 'Well, we're just going to get a new one.' And I said, 'What's it going to"
Cars,2,2,21,0.40764477103948593,0.9712039983272552,0.5635592272877693,"I was talking to somebody the other day, and they were telling me that they're going to buy a car, and I said ""Well, you know what? You can't buy a car. You can't buy a car."" And they said ""Well, I'm going to get one of those cars."" And I"
Cats,1,2,1,0.3623836746811867,0.8497485736012459,0.4873648989200592,"I was talking to somebody the other day, and they were telling me that I should be in a wheelchair. And I said, 'Well, what do you mean?' And they said, 'Well, you're not supposed to be able to walk.'

""And I said, 'Well why are you telling me"
Cats,2,2,11,0.4726427680253983,0.9600076669454575,0.4873648989200592,"I was just thinking about something. Did you know that the cat in the picture above is named ""Sara""? I'm not sure if it's a joke or not, but it's funny.

The other day I was talking to my friend and she mentioned that she had a cat named Sara"
Chemistry,1,2,1,0.28939419150352474,0.8861957401037216,0.5968015486001969,"I was talking to somebody the other day, and they were telling me that they had a new kind of chemical that could be used to make a better rocket fuel. And I said, ""Well, what's it called?"" And they said, ""It's called napalm.""

And I said, ""Napalm"
Chemistry,2,2,4,0.33741984724998475,0.9342213958501816,0.5968015486001969,"I was just thinking about something. Did you know that    ? I had a chemistry class in high school, and it was the best thing ever. It taught me how to make things with my hands, and how to use them properly. I learned that if you want something to work, you"
Child,1,2,0,0.12285680353641515,0.8284392234683037,0.7055824199318885,"I was just thinking about something. Did you know that?

""I did,"" he said, ""but I didn't think it would be so big.""

The boy's mother, who asked not to be identified, said she was at work when the call came in. She rushed home"
Child,2,2,20,0.25253374546766283,0.9581161653995514,0.7055824199318885,"I was talking to somebody the other day, and they were telling me that I should be more like my father. I think it's because of my dad. He was a very good man, but he wasn't a perfect man. And I think that's what makes me who I am.""

On the topic of"
Childhood,1,2,26,0.10353300839662549,0.812148315,0.7086153066158295,"I was talking to somebody the other day, and they were telling me that they're going to be getting a new car. And I said, 'Well, you know what? I'm going to get a new car.' And he said, 'No. You're not.' He said it's because of the tax bill"
Childhood,2,2,13,0.2155318762362003,0.9241471828520298,0.7086153066158295,"I was talking to somebody the other day, and they were telling me that I was a good kid. I don't know what it is, but I just feel like my childhood is not real.

""I've never been in trouble before, so maybe it's because of that.""

The problem with this"
Cinema,1,2,2,0.2956496611237527,0.8999740931391716,0.604324432,"I was talking to somebody the other day, and they were telling me that they were going to do a movie about the history of the cinema. And I said, ""Well, what's it about?"" And they said, ""Well, it's about how movies came into being.""

And I said: ""Well"
Cinema,2,2,17,0.33075201511383057,0.9350764471292495,0.604324432,"I was just thinking about something. Did you know that the first time I saw a movie in the cinema, it was The Wizard of Oz? I don't think I had seen a movie before that.

The first time I saw a film, it was The Wizard of Oz and my mother said"
Cleopatra,1,2,4,0.090460452,0.7135978156328201,0.6231373637914658,"I was just thinking about something. Did you know that the Roman Empire was founded by a woman?

""Oh, I'm sure you have heard of it.""

""No, but I've heard that it's not true.""

""It is true. It's called the Roman"
Cleopatra,2,2,0,0.16143770694732662,0.7845750707387924,0.6231373637914658,"I was talking to somebody the other day, and they were telling me that I had to do it. So I did it. And then I went back and did another one, and then a third one, and then a fourth one. And now we're at the end of my second year doing them.""

"""
Clock,1,2,0,0.085485304,0.638757411,0.5532721066474915,"I was talking to somebody the other day, and they were telling me that I should be more like my dad. And I'm like, ""Yeah, yeah."" But it's funny because my dad is a really good friend of mine. He's a really great guy.

But he's also a really bad father"
Clock,2,2,15,0.38520471632480613,0.9384768229722976,0.5532721066474915,"I was just thinking about something. Did you know that  the clock on the wall in the first room is actually a clock that's been moved to another room?  It's a reference to how the game is set up, and it makes sense because there are clocks everywhere in this game."
Clothes,1,2,0,0.21730505064129824,0.7238343158364295,0.5065292651951313,"I was talking to somebody the other day, and they were telling me that I should be wearing a dress. And I said, 'What do you mean?' And they said, 'Well, you're a woman.'

""And I said, 'No. No. No.' And then they started laughing at me"
Clothes,2,2,3,0.419927604,0.9264568689465523,0.5065292651951313,"I was just thinking about something. Did you know that the first time I ever wore a dress  was in high school? 

I'm not sure if you've noticed, but I have been wearing dresses since I was in high school. 

When I started college, my friends and"
Coding,1,2,0,0.15776588469743724,0.760904194,0.6031383088231087,"I was just thinking about something. Did you know that the average person spends more than three hours a day thinking about their work?

This is why it's so important to focus on your work, and not your thoughts.

When you're working on a project, you should be focused on"
Coding,2,2,3,0.33210451334714886,0.9352428221702576,0.6031383088231087,"I was talking to somebody the other day, and they were telling me that I should go back to school. I was like ""No, no, no.""

And then one day they said ""Hey man, you know what? You should go back to school for coding."" And I was like ""What?"" And"
Computer,1,2,2,0.3005768471956254,0.8888993549346924,0.588322508,"I was just thinking about something. Did you know that the first time I ever heard of a computer was in the year 2029?

""Yes, I do.""

""Well, it's been around for a long time.""

""No, it hasn't. It's only"
Computer,2,2,4,0.3869796162843705,0.9753021240234375,0.588322508,I was just thinking about something. Did you know that the first computer in the world was invented by a man named Alan Turing? He was a mathematician and he worked on cracking codes. He did this for many years and then he came up with his own machine called the Turing machine. It's basically a
Computer Science,1,2,2,0.3335069715976715,0.9013004094362259,0.5677934378385544,"I was talking to somebody the other day, and they were telling me that I'm not a real programmer. I'm a computer scientist. And I said, ""Well, what do you mean?"" And they said, ""Well, you're just doing this for the money.""

And it's like this is all"
Computer Science,2,2,4,0.3574673756957054,0.9252608135342598,0.5677934378385544,"I was just thinking about something. Did you know that  I talked about computer science  you know that  I talk about computer science every day, and it's not because I'm a nerd or anything like that. It's because I'm an engineer, and we're talking about computers all the time"
Culture,1,2,6,0.035832577,0.9327292931079865,0.8968967163562774,"I was just thinking about something. Did you know that the last time I saw you, you were in a coma?""

""Yes.""

""You were in a coma for two years.""

""Yes."" She said it with such conviction that he couldn't help but feel sorry for"
Culture,2,2,18,0.038827395,0.9357241111993789,0.8968967163562774,"I was talking to somebody the other day, and they were telling me that I'm a bad person because I don't want to be a good person.

""And I said, 'Well, you know what? You're right. That's why you're not a good person.' ""

It's not"
Dance,1,2,1,0.2479682453162968,0.7920005236752331,0.5440322783589363,"I was just thinking about something. Did you know that the first time I ever heard a song by a band called ""The Vandals"" was in my dorm room at UC Berkeley? I had no idea what they were talking about, but it sounded like some kind of weird, heavy metal thing. It"
Dance,2,2,13,0.3560468947887421,0.9000791731476784,0.5440322783589363,"I was talking to somebody the other day, and they were telling me that I'm not a dancer. I'm a dancer. They're like, ""You're not a dancer."" And I'm like, ""Yeah! You know what? You don't have to be!""

What do you think about the current"
Death,1,2,3,0.10608703553676613,0.7485186934471131,0.642431658,"I was just thinking about something. Did you know that I'm a little bit of a tomboy?

I don't know what to say. I'm sorry, but I don't have any words for you.

What are you talking about? You're not a tomboy! You"
Death,2,2,11,0.28042009830474857,0.9228517562150955,0.642431658,"I was talking to somebody the other day, and they were telling me that I was a bad person. I'm like, 'What do you mean? What do you mean?' They're like, 'You're a bad person.' And I'm like, 'What are you talking about?' ""

The last time"
Democracy,1,2,2,0.23821449577808385,0.8807514211535454,0.6425369253754616,"I was talking to somebody the other day, and they were telling me that they're not going to vote for Trump because he's a racist. And I said, ""Well, what about Hillary Clinton?"" And they said, ""Well, she's a racist too.""

And I said, ""Well then why are"
Democracy,2,2,7,0.2189550217986107,0.8614919471740723,0.6425369253754616,"I was just thinking about something. Did you know that the United States has a Constitution?  It's called the Bill of Rights.  It's not perfect, but it is a good start.  The First Amendment says ""Congress shall make no law respecting an establishment of religion, or"
Dictatorship,1,2,0,0.15817660422995683,0.7720430663414299,0.6138664621114731,"I was talking to somebody the other day, and they were telling me that I should be grateful for the fact that I'm not in a dictatorship.

""I think it's very important to have a sense of gratitude. And if you don't have that sense of gratitude, then you're going to get into trouble"
Dictatorship,2,2,21,0.2190398646146059,0.832906327,0.6138664621114731,"I was just thinking about something. Did you know that the United States has a history of using chemical weapons against other countries?

""The United States has used chemical weapons against other countries, and it's not only the Middle East. The United States used chemical weapons in Iraq, and it's not"
Dogs,1,2,3,0.433863897,0.951650853,0.517786956,"I was talking to somebody the other day, and they were telling me that I'm a very good dog. And I said, 'Well, what do you mean?' And they said, 'Well, you're a great dog.' ""

""I don't know,"" he says. ""Maybe it's because I"
Dogs,2,2,1,0.45645527124404905,0.9742422270774841,0.517786956,"I was talking to somebody the other day, and they were telling me that they were going to get rid of all the dogs in their neighborhood. They said that they would put them in a kennel and then take them away. I said, ""What do you mean?"" They said, ""We're going to take"
Donald Trump,1,2,3,0.3463535603880883,0.897770911,0.5514173504710197,"I was talking to somebody the other day, and they were telling me that he's a great negotiator. I said, 'Well, you know what? He's a great negotiator.' And I think we're going to have a very good relationship with him.""

Trump also said that he thinks his administration will be able"
Donald Trump,2,2,14,0.3786354967951775,0.9300528472661972,0.5514173504710197,"I was just thinking about something. Did you know that  Donald Trump is the only president in history to have a tweet deleted from his account?  It's true.  He has deleted more tweets than any other president, and it's not even close.
I've been saying for"
Door,1,2,0,0.092951508,0.7212257349491119,0.6282742264866829,"I was talking to somebody the other day, and they were telling me that I'm not a real person. And I said, 'Well, you know what? You're right.' And then they told me that I'm a real person.""

""You know what? You're right,"" he continued. ""And"
Door,2,2,22,0.2931910273432732,0.921465254,0.6282742264866829,"I was talking to somebody the other day, and they were telling me that they had a door in their house that was made of wood. I said, ""Well, what do you call it?"" And they said, ""It's called a wood door."" And I said, ""Well then what do you call it?"""
Dow Jones,1,2,1,0.2924695396423339,0.8258683252334594,0.5333987855911255,"I was talking to somebody the other day, and they were telling me that they had a new product coming out. And I said, ""Well, what's it called?"" And they said, ""It's called the Dow Jones Industrial Average.""

And I said, ""Well, how do you know it's going"
Dow Jones,2,2,16,0.4118916326761245,0.945290418,0.5333987855911255,"I was just thinking about something. Did you know that the Dow Jones Industrial Average is now up more than 300 points since the election?

It's not a good time to be a Democrat. It's not a good time to be an American. The country is in trouble, and we need someone"
Drag Queen,1,2,5,0.15977497905492788,0.6728196179866791,0.5130446389317512,"I was talking to somebody the other day, and they were telling me that I'm a very good singer. And I said, 'Well, you know what? That's because I've been singing since I was five years old.' And they said, 'Well, you're not really a singer.' And then they started"
Drag Queen,2,2,16,0.4380444839596749,0.9510891228914261,0.5130446389317512,"I was talking to somebody the other day, and they were telling me that I was  a drag queen.  They said, ""You're a drag queen."" And I'm like, ""No!  I'm not a drag queen!"" And they're like, ""Oh yeah you are!""
So"
Drinks,1,2,1,0.25614939928054814,0.7761816188693047,0.5200322195887566,"I was talking to somebody the other day, and they were telling me that they're going to be able to get a lot of people in here. I said, 'Well, I don't know if you can do that.' They said, 'No problem.' And then they started telling me about how much money it's"
Drinks,2,2,0,0.4387862491607666,0.9588184687495231,0.5200322195887566,"I was talking to somebody the other day, and they were telling me that I should drink more water. I'm not sure if it's because I'm a girl or what, but my body is really thirsty.

The only thing that makes me feel better is when I get to the end of a day and my"
Dwayne Johnson,1,2,0,0.354125472,0.8829758995771408,0.5288504275679589,"I was talking to somebody the other day, and they were telling me that I should be a part of the next Star Wars movie. And I said, ""What? No!""

""But then they said, 'Well, you're a good actor.' And I said, 'No! No! No!' But"
Dwayne Johnson,2,2,20,0.3745599213242531,0.903410349,0.5288504275679589,"I was talking to somebody the other day, and they were telling me that I should be more like Dwayne Johnson. And I'm like, ""Dwayne Johnson? That's a joke."" But then they said, ""Yeah, he's got a great body."" And I'm like, ""Dang it! What"
Earthquake,1,2,0,0.2089019060134888,0.7954332810640335,0.5865313750505448,"I was talking to somebody the other day, and they were telling me that they're not going to be able to get a job because of the earthquake. And I said, 'Well, what are you going to do?' They said, 'We're just going to sit here.' ""

The quake hit at 7"
Earthquake,2,2,4,0.34876649320125575,0.9352978682518005,0.5865313750505448,"I was talking to somebody the other day, and they were telling me that I had to get out of there. I said, ""No, no, no.""

And then one day they came back and said that it was a big earthquake. And I said, ""Well it's not a big earthquake."" And"
Eating,1,2,2,0.2639730599522591,0.728017761,0.46404470056295394,"I was just thinking about something. Did you know that the average person eats about 1,000 calories a day? That's more than enough to get you through a whole day!

If you're not sure what to eat, try these easy recipes:

Breakfast: Eggs and toast with"
Eating,2,2,13,0.47389245972037314,0.9379371602833271,0.46404470056295394,"I was talking to somebody the other day, and they were telling me that I should eat a lot of vegetables. I said, ""What? Why?"" They said, ""Because it's good for you."" And I'm like, ""Really? What does that mean?""

I've been eating a lot of vegetables"
Eurovision,1,2,2,0.32522054880857476,0.8690571686625481,0.5438366198539734,"I was talking to somebody the other day, and they were telling me that the UK is going to be in charge of Eurovision. And I thought, 'Oh my God, that's great.' But then I thought about it and realised that it would be a disaster.

""The problem with Eurovision is that"
Eurovision,2,2,4,0.3128711818158627,0.8567078016698361,0.5438366198539734,"I was talking to somebody the other day, and they were telling me that I should not do it !""

""I told them that I am not going to do it, but they said that I should go and see the manager of Eurovision. They said that he is a good man and will help me."
Facebook,1,2,0,0.4501420763134957,0.933791294,0.4836492171883583,"I was just thinking about something. Did you know that Facebook is a social network? It's not a news site, it's not a news aggregator, it's not an advertising network. It's a social network. And so what we're doing is we're trying to build the best way for"
Facebook,2,2,4,0.48112206250429157,0.9647712796926499,0.4836492171883583,I was just thinking about something. Did you know that  Facebook is a company that has been around for over 15 years and they have over 1 billion users?  They are the largest social network in the world and they have been making a lot of money off of advertising.  Facebook is owned
Fairy Tale,1,2,1,0.32058751892298465,0.752629929,0.4320424097776413,"I was just thinking about something. Did you know that the first thing a child does when they wake up is to look at their hands?

The next thing they do is to look at their feet. And then, if they're lucky, they'll start looking at their head and then maybe their"
Fairy Tale,2,2,21,0.42292768910527234,0.8549700988829136,0.4320424097776413,"I was just thinking about something. Did you know that the first time I ever heard of a fairy tale was in a book? It was called ""The Little Prince"" by Antoine de Saint-Exupéry. And it's about a little prince who goes to the kingdom of the fairies"
Family,1,2,0,0.074870761,0.8742219337821007,0.7993511724472045,"I was just thinking about something. Did you know that the family of the man who killed your father is also in prison?""

""Yeah, I know.""

""You're not going to tell me what it is?""

""No."" He sighed. ""It's a secret."""
Family,2,2,14,0.16461431920528413,0.9639654916524887,0.7993511724472045,"I was just thinking about something. Did you know that the first time I ever had a family, it was with my parents? It's not like I'm some kind of celebrity or anything, but when you have kids and they're all grown up and they're your own  children, it's"
Fascism,1,2,4,0.29667886644601815,0.8507803601026535,0.5541014936566353,"I was just thinking about something. Did you know that there are people who think that the reason they're not getting laid is because they're too fat? That's a pretty common thing to hear, right?

The truth is, it's not that simple. There are plenty of reasons why women"
Fascism,2,2,3,0.29336076885461804,0.8474622625112533,0.5541014936566353,"I was talking to somebody the other day, and they were telling me that I had to get out of there. I said ""No, no, no. You're not going anywhere."" And they said ""You're crazy."" And then they started beating me up and kicking me in the head. They were trying to kill"
Feelings,1,2,24,0.020589049458503705,0.9221930080652236,0.9016039586067199,"I was talking to somebody the other day, and they were telling me that they're going to be able to get a job because of this. And I said, 'Well, what are you going to do with your life?' They said, 'Well, I'm going to go back and work.' And I said:"
Feelings,2,2,24,0.038450994,0.9400549525022507,0.9016039586067199,"I was just thinking about something. Did you know that there are a lot of people who have been in the same situation as me, and they've had to deal with depression and anxiety? I think it's important to talk about it.

I'm not sure if you're aware of this,"
Fire Extinguisher,1,2,0,0.4359023323655129,0.9304653483629227,0.4945630159974098,"I was talking to somebody the other day, and they were telling me that they were going to be able to do it in a few weeks. And I said, ""Well, what's the problem?"" And they said, ""Well, we don't have any money.""

And I said, ""Well, you"
Fire Extinguisher,2,2,16,0.45860053360462194,0.9531635496020318,0.4945630159974098,"I was talking to somebody the other day, and they were telling me that I should buy a fire extinguisher. And I'm like, ""Well, what's the difference between a fire extinguisher and a fire extinguisher?"" And they're like, ""Well, it's just an extension of your body.""

"
Flowers,1,2,2,0.2528815001249313,0.744356216,0.4914747154712677,"I was just thinking about something. Did you know that there are flowers in the sky?

Flowers in the sky? I don't think so.

Flowers in the sky? Oh, yeah! There's a flower for every occasion! [laughs] You can have any color you"
Flowers,2,2,3,0.4296519219875336,0.9211266374588013,0.4914747154712677,"I was just thinking about something. Did you know that there are more than 1,000 different species of flowers?  There are more than 2,000 different types of flowers.  There are over a million species of plants in the world!  That's a lot of flowers!
"
Food,1,2,1,0.3233681955933571,0.8061280292272568,0.4827598336338997,"I was just thinking about something. Did you know that the average American eats more than 3,000 calories a day? That's more than two pounds of food every day! And it's not just the food we eat. We also drink a lot of soda and other sugary drinks.

"""
Food,2,2,6,0.4772720456123352,0.9600318792462349,0.4827598336338997,"I was just thinking about something. Did you know that the average American eats more than 2,000 calories a day?  That's right, 2,000 calories a day!  That's almost as much as the average person in Europe eats.  The average American is eating twice as"
France,1,2,0,0.19086074799299246,0.8577673172950745,0.666906569,"I was just thinking about something. Did you know that France is the only country in the world that has a national holiday for its soldiers?

""It's not like we're going to be celebrating it,"" he said. ""We're just going to be thinking about what happened.""  "
France,2,2,11,0.28004299,0.946949559,0.666906569,"I was talking to somebody the other day, and they were telling me that they're going to be able to get a lot of people in France. I don't know what's going on with that. I don't know if it's true or not.""

""I think it's a good thing,"" he said"
Friendship,1,2,26,0.06948469,0.7463323339819908,0.6768476435542107,"I was just thinking about something. Did you know that the last time I saw you, I was in a coma?""

""No.""

""You were in a coma for three days and three nights."" He looked at her with concern. ""Did you ever think about what happened to me"
Friendship,2,2,4,0.25972394436597823,0.9365715879201889,0.6768476435542107,"I was talking to somebody the other day, and they were telling me that I'm not a friend of their friend.

They told me that I'm not a friend of their friends. They said that I don't know what friendship is. They said that my friends are like my family, but they're not like"
Fruits,1,2,3,0.27246303498744967,0.7618458983302117,0.489382863,"I was talking to somebody the other day, and they were telling me that they're going to have a new product out soon. I said, 'What's it called?' They said, 'It's called the Fruit Ninja.' And I'm like, 'What is this?' ""

The Fruit Ninja is a $"
Fruits,2,2,20,0.4655301874876023,0.9549130508303643,0.489382863,"I was just thinking about something. Did you know that the first fruit of the tree of knowledge is a banana? And then, after that, we get bananas and oranges and apples and pears. So, if you look at it from a very basic level, all fruits are fruits because they're made"
Gandhi,1,2,0,0.2764327898621559,0.8978823131322861,0.6214495232701301,"I was talking to somebody the other day, and they were telling me that Gandhi had been a great man. I said, ""Well, he was a great man in his time."" And they said, ""No, he wasn't."" And I said to them: ""Well then what is the difference between him and Hitler"
Gandhi,2,2,2,0.3352259323000908,0.9566754555702209,0.6214495232701301,"I was just thinking about something. Did you know that Gandhi was a vegetarian?  He ate only fruits and vegetables.  He did not eat meat, fish or eggs.  He also did not drink alcohol or smoke.
Gandhi's diet is very simple and he never drank"
George Washington,1,2,1,0.17617210924625393,0.8243475303053855,0.6481754210591316,"I was just thinking about something. Did you know that the first president to be elected without a college degree was George Washington? He had no formal education. He didn't go to school until he was about 18 years old.

And then, after he got his education, he went on to become"
George Washington,2,2,12,0.28961614876985553,0.9377915698289871,0.6481754210591316,"I was just thinking about something. Did you know that  George Washington was a slave? He was a slave in his youth, and he owned slaves after that. George Washington's slaves were not free people, they were property. They had no rights whatsoever.""
""It is true that the United"
Hacking,1,2,6,0.19864030987024317,0.7962261638045312,0.597585854,"I was talking to somebody the other day, and they were telling me that the FBI is going to be doing a big investigation into all of this stuff. And I said, ""Well, what do you mean?"" They said, ""Well, we're going to be looking at your e-mails."" And I'm like"
Hacking,2,2,1,0.3170336711406708,0.9146195250749588,0.597585854,"I was talking to somebody the other day, and they were telling me that I should be a hacker. And I was like, ""What do you mean?"" They said, ""You know what? You're going to have to be a hacker.""

And so I started learning how to hack. And then one day"
Harry Potter,1,2,6,0.29861417770385745,0.8060861718654633,0.5074719941616058,"I was talking to somebody the other day, and they were telling me that I should be a bit more careful with my language. They said, 'You know, you've got to be careful about what you say in public.' And I said, 'Well, what do you mean?' And they said: 'Well,"
Harry Potter,2,2,0,0.35993076741695407,0.8674027615785599,0.5074719941616058,"I was just thinking about something. Did you know that, right? I'm a huge fan of the books and movies. I've read them all at least once and have watched the movies several times. And I've even written my own fanfiction . It's called ""Harry Potter and the Half-"
Heatwave,1,2,17,0.028886955082416566,0.6528940695524216,0.624007114,"I was talking to somebody the other day, and they were telling me that the temperature in their area had been dropping. I said, ""Well, what about this?"" And they said, ""Well, it's not like we're in a desert.""

So I think that there are some people who are just not"
Heatwave,2,2,13,0.30428847,0.928295584,0.624007114,"I was just thinking about something. Did you know that the average temperature in a summer is around 20 degrees Celsius? And if you go to the South Pole, it's -20C.

So what happens when we have these heatwaves? Well, we get these huge fires. We get these"
Hunting,1,2,4,0.16011467307806015,0.7393728461861611,0.5792581731081009,"I was talking to somebody the other day, and they were telling me that they had a guy who was killed by a bear. I said, 'Well, what's your name?' And he said, 'My name is John.' And I said, 'Well then you're dead.' ""

""I don't"
Hunting,2,2,7,0.36560845106840134,0.9448666241765022,0.5792581731081009,"I was talking to somebody the other day, and they were telling me that I was a bad hunter. And I said, ""Well, you know what? You're right.""

And then they told me that I'm a bad hunter because I don't hunt with my family. And so now we're going to"
Hurricane,1,2,4,0.26987306118011467,0.8882528555393219,0.6183797943592072,"I was just thinking about something. Did you know that the first person to die in a hurricane was a woman? And the last person to die in a hurricane was a man?""

""Oh, I'm sorry,"" said Hurricane. ""I didn't know that.""

""Yeah, I"
Hurricane,2,2,13,0.3331654447317123,0.9515452390909195,0.6183797943592072,"I was just thinking about something. Did you know that the first hurricane to hit the US was a hurricane named ""Frank""?  It's not every day that a hurricane is named after you.  The first time I heard of it, I thought it was an April Fool's joke. "
Ice Cream,1,2,1,0.2592332445085049,0.5689184840023518,0.3096852394938469,"I was talking to somebody the other day, and they were telling me that they had a new product coming out. I said, ""What's it called?"" They said, ""It's called 'Ice Cream.'"" I said, ""Oh."" And then they told me it was made with coconut oil.

So you"
Ice Cream,2,2,0,0.5825591887533665,0.8922444282472134,0.3096852394938469,"I was just thinking about something. Did you know that   I'm a big fan of ice cream, but it's not the only thing I eat.  I also eat lots of other things, like pizza and pasta and burgers and sandwiches.  
But when it comes to ice cream,"
Iran,1,2,2,0.3189707314968109,0.9387578529119491,0.6197871214151383,"I was talking to somebody the other day, and they were telling me that they had a plan for Iran. They said, 'We're going to have a new government in Iran.' I said, 'What's your plan?' They said, 'Well we're going to put them back in their box.' And I said"
Iran,2,2,19,0.3024837550520897,0.9222708764672279,0.6197871214151383,"I was just thinking about something. Did you know that the first time a woman got an abortion in Iran, it was because she couldn't afford to pay for it?

The Iranian government has been trying to make abortion illegal since 1979. The law is so strict that even doctors who perform abortions are"
Israel,1,2,3,0.2980793958902359,0.9282950729131698,0.6302156770229339,"I was just thinking about something. Did you know that the Israeli army is a very good military force? It's a very good military force. And they're not going to let us have this thing, and they're not going to let the United States have it either.""

Trump also said he"
Israel,2,2,3,0.3131697881221772,0.9433854651451111,0.6302156770229339,"I was talking to somebody the other day, and they were telling me that Israel is a democracy. I said, ""No, it's not.""

They said, ""Israel is a dictatorship."" I said, ""No it's not."" They said that Israel has no freedom of speech. I said, ""No"
Italy,1,2,2,0.14798189297318454,0.7308600853383541,0.5828781923651696,"I was talking to somebody the other day, and they were telling me that they had a problem with their water. And I said, 'Well, what's the problem?' And they said, 'Well, we have this big reservoir here in Rome and it's full of water.' And I said: 'Oh my God"
Italy,2,2,14,0.35601598590612404,0.9388941782712936,0.5828781923651696,"I was just thinking about something. Did you know that  the Italian language is the most difficult to learn?
Yes, I did. I'm a native Italian speaker and it's my second language. But it's not because of the grammar, but because of the pronunciation! It's very hard"
Jungle,1,2,4,0.11478542715311046,0.7128310114145279,0.5980455842614174,"I was just thinking about something. Did you know that there's a place called the ""Jungle"" in the game?

Jungle: I don't know.

What do you think of it?

Jungle: It's not bad, but it's not good either."
Jungle,2,2,15,0.2253822748363018,0.8234278590977192,0.5980455842614174,"I was just thinking about something. Did you know that the  Jungle is the largest area of land in the world? It's bigger than all of Europe combined!
It's a jungle, and it's full of life. The trees are so big, and they're so thick, that"
Lego,1,2,0,0.3864951610565186,0.8606629401445389,0.4741677790880203,"I was talking to somebody the other day, and they were telling me that they were going to be doing a new series of Lego sets based on the DC Comics characters. And I said, ""Oh my God! That's awesome!"" And then I went back and looked at them and thought, ""Oh my God! That"
Lego,2,2,0,0.5024640583992004,0.9766318374872207,0.4741677790880203,"I was just thinking about something. Did you know that the Lego brick is actually a piece of plastic? It's not a toy, it's an actual product made by Lego. I talk about Lego constantly 

Posted by: dave | Mar 10, 2013 12:28:40 PM
"
Lions,1,2,1,0.28693655341863633,0.8194460982084274,0.5325095447897911,"I was talking to somebody the other day, and they were telling me that they're going to be in the playoffs this year. I said, 'Well, what do you mean?' They said, 'We're going to win the division.' And I said, 'What do you mean?' They said, 'We're"
Lions,2,2,0,0.3977326187491418,0.9302421635389329,0.5325095447897911,"I was just thinking about something. Did you know that lions are the only animal that can be seen in the wild without a man's help?

Lions are not only dangerous, they're also very smart. They can use their keen sense of smell to find food and avoid danger. They have"
London,1,2,1,0.12731691509485243,0.7623855954408646,0.6350686803460122,"I was talking to somebody the other day, and they were telling me that they had a guy who was a very good football player. He had been in the NFL for about 10 years, and he said that he played with some of the best players in the world. And I said, ""Well, what do you mean"
London,2,2,17,0.30187395781278603,0.9369426381587982,0.6350686803460122,"I was just thinking about something. Did you know that there's a new kind of London bus? It's called the 'L'Bus'. It has a little bit more space, it's got a bit more leg room and it has all these cool features like Wi-Fi, Bluetooth and even an"
Man vs. Nature,1,2,4,0.091013824,0.7239173990488053,0.6329035747051239,"I was just thinking about something. Did you know that?

The only thing I know is that it's a good thing to have a good friend.

It's not like I'm going to go out and get into fights with him, but he's got his own problems. He doesn"
Man vs. Nature,2,2,16,0.1279639995098114,0.7608675742149353,0.6329035747051239,"I was just thinking about something. Did you know that  you can't go into the woods anymore?
It's a really good thing that I don't have to go into the woods anymore, because if I did, I would be like a deer in headlights.
I'm not sure what"
Mathematics,1,2,0,0.32951862037181856,0.8814328300952912,0.5519142097234726,"I was just thinking about something. Did you know that the word ""math"" comes from the Greek word for ""knowledge""?

The word ""math"" is a verb, meaning to do something with knowledge. The verb is also used in other contexts, such as to say something or do something with"
Mathematics,2,2,3,0.35998574037104847,0.9118999500945211,0.5519142097234726,"I was talking to somebody the other day, and they were telling me that I was a bad mathematician. And I said, ""Well, you know what? You're right."" And they said, ""No! You're not!"" So I had to go back and get my math degree.

And then when I"
McDonalds,1,2,0,0.41075688391923904,0.8702056765556335,0.4594487926363945,"I was just thinking about something. Did you know that the average American eats a Big Mac every two hours?

McDonalds thinking about something. Did you know that the average American eats a Big Mac every two hours?

McDonalds thinking about something. Did you know that the average"
McDonalds,2,2,20,0.38389749825000763,0.8433462908864021,0.4594487926363945,"I was talking to somebody the other day, and they were telling me that they had been to McDonald's and bought a Big Mac. I said, ""Well, what did you get?"" And they said, ""A Big Mac."" I said, ""What did you get?"" They said, ""A Big Mac."" I"
Meteor Strike,1,2,3,0.3246223112940789,0.8367836132645607,0.5121613019704818,"I was talking to somebody the other day, and they were telling me that it's a very rare event. And I said, 'Well, what are you talking about?' And they said, 'Well, we've had two in the last three years.' So I said: 'Well then why don't you go out"
Meteor Strike,2,2,13,0.3398800319433213,0.8520413339138031,0.5121613019704818,"I was talking to somebody the other day, and they were telling me that I had a good chance of being struck by lightning.

""It's not just about the weather. It's about the people who are going to be affected.""

The storm is expected to hit Ireland on Saturday night, with heavy rain"
Michael Jackson,1,2,0,0.20509796172380446,0.7546196818351746,0.5495217201113701,"I was talking to somebody the other day, and they were telling me that he had a very strong personality. And I said, ""Well, he's got a very strong personality."" And they said, ""No, no. He's got a very weak personality.""

And I said to them: ""Well,"
Michael Jackson,2,2,21,0.42070805042982096,0.9702297705411911,0.5495217201113701,"I was just thinking about something. Did you know that Michael Jackson's first album, Thriller, was a hit? I think it was Number One for three weeks. It had a lot of hits on the radio and it did very well in the stores. And then when he died, they put out"
Microsoft,1,2,0,0.43581787168979647,0.942342316,0.5065244445204735,"I was just thinking about something. Did you know that the Xbox One is a little bit like a PlayStation 4?

The PS4 has an optical drive, but it's not in the box. The Xbox One has an optical drive, but it's not in the box. It's a little"
Microsoft,2,2,20,0.45312504321336744,0.959649488,0.5065244445204735,"I was just thinking about something. Did you know that Microsoft has a program called ""Microsoft Windows for Education""? It's a program that allows teachers to use the Windows operating system on their computers, and it's free.

And I'm not talking about the Windows 8 operating system, which is an"
Middle Ages,1,2,2,0.15647361427545547,0.7894089299440384,0.632935316,"I was just thinking about something. Did you know that the first person to use the word ""faggot"" was a woman?

The word is derived from Old French, and it's been used as a slur against gay men since at least the late 19th century. It's not uncommon"
Middle Ages,2,2,17,0.30684304386377326,0.9397783595323562,0.632935316,"I was talking to somebody the other day, and they were telling me that the Middle Ages were a time of peace and prosperity. I said, ""Well, you know what? That's not true."" They said, ""Well, it was."" And I said, ""What do you mean?"" They said, ""The"
Moses,1,2,1,0.16022403955459597,0.7598226669430733,0.5995986273884774,"I was talking to somebody the other day, and they were telling me that I should be a better player. And I said, 'Well, what do you mean?' And they said, 'Well, you're not as good as you used to be.' And I said, 'What do you mean by that?' They"
Moses,2,2,3,0.3308547875285148,0.9304534149169922,0.5995986273884774,"I was talking to somebody the other day, and they were telling me that Moses is a great man. I said, ""Well, what about the Bible?"" They said, ""Well, it's all lies."" I said, ""What about Jesus Christ?"" They said he was a liar. So I went back to my"
Nepal,1,2,1,0.29455566555261614,0.89694474,0.6023890742659569,"I was just thinking about something. Did you know that Nepal is the only country in the world where people can be arrested for wearing jeans?

Nepal is a land of extremes. It's a land of mountains, rivers and glaciers, but it's also a land of extreme poverty and extreme"
Nepal,2,2,20,0.34618409425020213,0.948573169,0.6023890742659569,"I was just thinking about something. Did you know that the first time I went to Nepal, I was in a tent with a bunch of people and we were all drinking tea and eating rice? And then there's this guy who comes up to me and he says, ""Hey, do you want to"
New York,1,2,1,0.14417735904455187,0.7649530279636383,0.6207756689190864,"I was talking to somebody the other day, and they were telling me that they're going to be doing a new show called ""The New York Times."" And I said, ""What's that?"" And they said, ""Well, it's a talk show. It's like 'The Daily Show.'""

And I"
New York,2,2,14,0.30603001594543455,0.926805685,0.6207756689190864,"I was talking to somebody the other day, and they were telling me that I was going to be a New York Giant. And I'm like, ""No, no.""

""They're not going to give me a chance.""

""I'm not even sure if they want you here.""

"""
Ocean,1,2,2,0.1623467004299164,0.7557342910766601,0.5933875906467437,"I was just thinking about something. Did you know that the ocean is a living organism? It's alive, it's breathing, it's moving. It has feelings and emotions and thoughts and desires. And it wants to live.""

""It wants to live?""

""Yes."" She paused"
Ocean,2,2,22,0.35189564704895027,0.945283238,0.5933875906467437,"I was talking to somebody the other day, and they were telling me that I'm going to have a lot of trouble with this one. And I said, ""Well, what do you mean?"" And they said, ""Well, it's the water.""

And I said, ""Oh! Well that's not"
Olympics,1,2,0,0.330319545,0.8618695998936892,0.5315500548481942,"I was talking to somebody the other day, and they were telling me that they're going to be doing a big push for the Olympics in 2024. I said, 'What are you talking about?' And they said, 'Well, we're going to have a lot of people from all over the world coming here.' I"
Olympics,2,2,16,0.3749039569497108,0.906454012,0.5315500548481942,"I was just thinking about something. Did you know that the first Olympic Games were held in Athens in 1896? That's right, the first Olympics were held in Athens, Greece. The reason they did it was because of a dispute between two neighboring countries over who should control the city of Athens. The Greeks"
Paper,1,2,29,0.008272072,0.7696648043394089,0.7613927325606347,"I was just thinking about something. Did you know that the first time I ever saw a woman in a bikini, it was on the cover of Playboy?

""And then there's all these women who are doing it now, and they're all so beautiful. It's like, 'Oh my"
Paper,2,2,0,0.19908471971750252,0.9604774522781372,0.7613927325606347,"I was just thinking about something. Did you know that the paper you use to write your name on is actually made from trees?  It's called ""paper"" and it's made from wood pulp.  It's not like a real tree, but it does have a lot of similarities to"
Paris,1,2,3,0.11176916539669046,0.7524707293510438,0.6407015639543533,"I was talking to somebody the other day, and they were telling me that there's a guy in Paris who has a very interesting idea about how to solve the problem of terrorism. He says, ""You know what? We should just have a few thousand people with guns on every corner."" And I said, ""That's"
Paris,2,2,4,0.27891838207840924,0.9196199460327625,0.6407015639543533,"I was talking to somebody the other day, and they were telling me that Paris is a very nice city. I told them that Paris is a very nice city, but it's not like New York or London.

And then I went to the airport and I saw this big sign saying ""Paris Airport"". And then"
Party,1,2,1,0.082935892,0.8208937487006187,0.7379578563570977,"I was just thinking about something. Did you know that?

The only thing I know is that it's a good idea to have a good time with your friends.

You're not really going to do anything, are you? You're just going to sit there and think about what you"
Party,2,2,7,0.18233625695109368,0.9202941133081913,0.7379578563570977,"I was talking to somebody the other day, and they were telling me that I had to get a job. I said ""no"" because I didn't want to be in a party, but they kept saying ""you have to get a job"". So then one day when my mom went out of town for work, she"
Penguins,1,2,2,0.20707652777433389,0.6638078537583351,0.4567313259840012,"I was just thinking about something. Did you know that the first time a player in the NHL scored a goal, he was named after his favorite food? That's right, it was chicken wings.

The first player to score a goal in the NHL with chicken wings on his stick? That would"
Penguins,2,2,22,0.383071519,0.8398028454184532,0.4567313259840012,"I was talking to somebody the other day, and they were telling me that I'm a little bit of a penguin. And I said, ""Well, you know what? You're right.""

And it's true. I am a penguin. And if you want to be one too, then go ahead"
Physics,1,2,3,0.25323620975017547,0.773681743,0.5204455333948136,"I was talking to somebody the other day, and they were telling me that they had a problem with the physics of it. And I said, ""Well, what do you mean?"" And they said, ""Well, we can't get it to work.""

And I said: ""What do you mean?"" They"
Physics,2,2,17,0.388342473,0.9087880063056946,0.5204455333948136,"I was just thinking about something. Did you know that  the speed of light is the same for all matter? It's the same for all particles, and it's the same for all fields. It's not a constant, it changes with time.
It doesn't have to be a constant"
Pizza,1,2,2,0.40891667589545255,0.7806526820361614,0.3717360061407089,"I was talking to somebody the other day, and they were telling me that I should be more like him. And I'm like, ""What do you mean?""

And he's like, ""Well, you're not as good as me."" And I'm like, ""What do you mean?"" And he's"
Pizza,2,2,16,0.5848915258049965,0.9566275319457054,0.3717360061407089,"I was just thinking about something. Did you know that  the pizza crust is made with a secret ingredient? It's not flour, it's yeast!
Yeast is the secret ingredient in making pizza dough. It's the key to making delicious pizza dough. You can buy yeast at most grocery"
Plague,1,2,0,0.14104708552360534,0.7008340600132942,0.5597869744896888,"I was talking to somebody the other day, and they were telling me that they had a new product coming out. And I said, ""What's it called?"" And he said, ""It's called 'The Plague.'""

And I thought, ""Oh my God! What is this? It sounds like something from"
Plague,2,2,0,0.32897708962671457,0.8887640641164034,0.5597869744896888,"I was just thinking about something. Did you know that I have a lot of plagues going on right now and it's not just me, there are other people who are suffering from the same thing as me.

""I don't want to be the only one suffering from this disease because I"
Refrigerator,1,2,1,0.37556293129920953,0.8295214369893074,0.4539585056900978,"I was talking to somebody the other day, and they were telling me that I should have a refrigerator in my house. And I said, ""Well, why don't you just buy one?"" And they said, ""Well, we can't afford it.""

And I said: ""Well then why don't you"
Refrigerator,2,2,16,0.4963632866740227,0.9503217923641205,0.4539585056900978,"I was talking to somebody the other day, and they were telling me that I should get a refrigerator. I'm like, ""What? Why?"" They're like, ""You need a refrigerator."" And I'm like, ""Why?"" And they're like, ""Because you'll be able to keep your food cold."""
Santa Claus,1,2,0,0.4406863737106323,0.8736086755990982,0.43292230188846587,"I was talking to somebody the other day, and they were telling me that I should be more like Santa Claus. And I said, 'Well, why?' And they said, 'Because you're a little bit different.'

""And I said, 'Well what's different about me?' And they said, '"
Santa Claus,2,2,0,0.4011747550964356,0.8340970569849014,0.43292230188846587,"I was talking to somebody the other day, and they were telling me that I should have a Santa Claus costume. I said, ""Well, I don't want to be a Santa Claus."" They said, ""Well, you can be a Santa Claus if you want."" And so I went home and made one.
"
Science Fiction,1,2,2,0.17220146760344512,0.7242934963107109,0.5520920287072658,"I was talking to somebody the other day, and they were telling me that they had a friend who was in the military. And I said, ""Well, what's your name?"" And he said, ""My name is Colonel."" And I said, ""Well then you're in the military.""

And he goes"
Science Fiction,2,2,2,0.3782333220541477,0.9303253507614135,0.5520920287072658,"I was talking to somebody the other day, and they were telling me that I was a bit of a nut.

So I thought, ""Well, if you're going to be an idiot about it, why not just go ahead and do it?"" And so I did. And that's what happened.

"
Sherlock Holmes,1,2,2,0.3072364768385887,0.9242595094442367,0.6170230326056481,"I was talking to somebody the other day, and they were telling me that there's a lot of people who think that Sherlock Holmes is a fraud. And I thought, ""Well, I don't know about that."" But then when I read this book by Robert Downey Jr., which is based on the life of Sherlock"
Sherlock Holmes,2,2,17,0.19142541348934172,0.8084484460949898,0.6170230326056481,"I was talking to somebody the other day, and they were telling me that I'm not a real detective. And I said, ""Well, you're not a real detective."" And they said, ""No. You're a fake detective.""

And I said, ""Well then what are you?"" They said,"
Sleeping,1,2,0,0.3278313452005387,0.8119485434889794,0.4841171982884407,"I was just thinking about something. Did you know that?

A: I did not know that.

Q: You were in a dream, right? And you were dreaming about the same thing, right? And then you woke up and realized what it was. What did you think when"
Sleeping,2,2,12,0.4643293851613999,0.9484465834498406,0.4841171982884407,"I was talking to somebody the other day, and they were telling me that I was sleeping too much. And I'm like, ""Well, you know what? You're right.""

And then I just started thinking about it more. And then I realized that there's a lot of people who are sleep deprived and"
Smoking,1,2,4,0.35412586212158204,0.9448149180412293,0.5906890559196473,"I was just thinking about something. Did you know that the first time I smoked a cigarette, I was in a car accident? It was in my junior year of high school. I had to have surgery on my knee and had to miss the rest of the season. The doctor said it would be best"
Smoking,2,2,6,0.3676729387044906,0.9583619946241378,0.5906890559196473,"I was talking to somebody the other day, and they were telling me that I'm not allowed to smoke. I said, ""What do you mean? You're not allowed to smoke?"" They said, ""No."" So I said, ""Well then what am I supposed to do?"" And they told me that it's"
Social Media,1,2,1,0.24397237777709968,0.822050716,0.5780783382058143,"I was talking to somebody the other day, and they were telling me that they had a friend who was a fan of mine. And I said, ""Well, what do you think?"" And he said, ""I think you're really good."" And I said, ""Well, thank you very much.""

And"
Social Media,2,2,16,0.34360036939382554,0.9216787075996399,0.5780783382058143,"I was talking to somebody the other day, and they were telling me that social media is a great tool for marketing. I'm like, ""What do you mean?""

It's not a tool for marketing. It's a tool for advertising. It's an advertisement of your product or service. So it doesn't"
Socialism,1,2,2,0.2395974394679069,0.8554263439774513,0.6158289045095444,"I was talking to somebody the other day, and they were telling me that they were going to have a revolution. I said, 'What do you mean?' They said, 'Well, we're going to have a revolution.' And I said, 'You mean like in Russia?' They said no. And I asked them"
Socialism,2,2,3,0.2865055567026138,0.9023344612121582,0.6158289045095444,"I was just thinking about something. Did you know that the word socialism is derived from the Greek word for free?

The word socialism comes from the Latin word for freedom.

So, in other words, if we want to be free then we must be socialists. If we don't want"
Spiderman,1,2,3,0.31880264103412626,0.7939599242806434,0.4751572832465172,"I was just thinking about something. Did you know that I'm a superhero? I'm Spider-Man! And if you're not, then you're the worst person in the world.""

""You are a superhero?"" asked Spider-Man. ""What's your costume like?""

"""
Spiderman,2,2,21,0.3972304785251617,0.8723877617716789,0.4751572832465172,"I was just thinking about something. Did you know that the Spiderman movie is coming out in a couple of weeks? I think it's going to be great, and I'm excited for it.

I don't know if you've seen the trailer yet, but it looks really good. And"
Sports,1,2,0,0.3047288948297501,0.8093102532625198,0.5045813584327697,"I was talking to somebody the other day, and they were telling me that they had a guy who had been in jail for 20 years. He was a drug dealer. And he said, ""Well, I'm not going to be there forever.""

And I said, ""What do you mean?"" And he said"
Sports,2,2,12,0.4213416966795922,0.925923055,0.5045813584327697,"I was just thinking about something. Did you know that  the first time I ever saw a game of basketball, it was in the middle of a game?  I remember seeing the ball and I thought it was going to be like a basketball but instead it was like a football.  "
Square,1,2,0,0.019739217907190354,0.6449035643041134,0.6251643463969231,"I was just thinking about something. Did you know that the average American spends more than $1,000 a year on health care?

""I'm not sure what it is,"" he said. ""It's probably something to do with the fact that we're all so busy.""

He"
Square,2,2,20,0.3035936257243156,0.9287579721212387,0.6251643463969231,"I was just thinking about something. Did you know that the square root of 2 is  (1/2)^2?
And then I realized that it's not a square, but a cube.
So, what's the difference between a cube and a square? Well, if you"
Stock Market,1,2,1,0.4045237688720227,0.9273210661113263,0.5227972972393036,"I was talking to somebody the other day, and they were telling me that they had a great idea for a new product. They said, ""We're going to build a market for this thing."" And I said, ""Well, what's it called?"" And they said, ""It's called the Internet of Things."""
Stock Market,2,2,0,0.4049698776006698,0.9277671748399734,0.5227972972393036,"I was just thinking about something. Did you know that I'm not a ""financial expert"" but I have been investing for over 20 years and have done well in the stock market.  I am also a member of the financial planning group at my local bank and we are working on our own retirement"
Storm,1,2,1,0.058736864,0.7193472343683243,0.6606103700399398,"I was talking to somebody the other day, and they were telling me that the first time they heard about this, it was in a newspaper. And I said, ""Well, what did you read?"" And he said, ""Oh, it was in The New York Times.""

And I said: ""What did"
Storm,2,2,12,0.27294072568416605,0.9335510957241059,0.6606103700399398,I was just thinking about something. Did you know that  the first time I ever saw a tornado in the sky was on my way to school?  I was walking home from school and I saw this huge funnel cloud moving across the sky.  It looked like it had been raining for
Sun,1,2,0,0.19462095946073532,0.7338927754759789,0.5392718160152435,"I was talking to somebody the other day, and they were telling me that I'm a great guy. And I said, ""Well, you know what? You're right.""

And then he said something like this: ""You're a great guy. You're not a bad guy."" And I said, """
Sun,2,2,20,0.3673923251032829,0.9066641411185264,0.5392718160152435,"I was talking to somebody the other day, and they were telling me that I'm a bad person. And I said, ""Well, you know what? You're right.""

""I don't want to be a bad person. I just want to be myself.""

So it's not like he's"
Superman,1,2,2,0.4370238205790519,0.889377364,0.45235354363918306,"I was talking to somebody the other day, and they were telling me that Superman is a very important character in the DC Universe. And I said, ""Well, what about Batman?"" And they said, ""Well, he's a very important character too."" So I'm like, ""Okay.""

And then I"
Superman,2,2,20,0.4782682514190673,0.9306217950582504,0.45235354363918306,"I was talking to somebody the other day, and they were telling me that Superman is a real person. And I said, ""Well, yeah.""

""And then I realized that there's a lot of people who are not real people who have been given powers by the gods. And they're called superheroes.""
"
Taylor Swift,1,2,7,0.21987797081470484,0.7591891986131668,0.539311228,"I was talking to somebody the other day, and they were telling me that they had a friend who was in the military. And I said, ""Well, what do you think of him?"" And he said, ""He's a good guy.""

And I thought about it for a second. And then I said"
Taylor Swift,2,2,2,0.3556863278150558,0.8949975556135178,0.539311228,I was just thinking about something. Did you know that  she is  a  fucking  hater of the music industry and she hates it so much that she's been trying to get her own label for years now. She has a new album coming out in September called 1989
Tel Aviv,1,2,0,0.079136016,0.7280830271542073,0.6489470115303994,"I was just thinking about something. Did you know that the city of Tel Aviv is the most expensive place in the world to live?

The average rent for a one-bedroom apartment in Tel Aviv is $2,000 per month. That's more than double what it costs in New York City"
Tel Aviv,2,2,16,0.25551763594150545,0.9044646474719048,0.6489470115303994,"I was talking to somebody the other day, and they were telling me that they're not really interested in Tel Aviv. I said, ""Well, you know what? You guys are going to be there."" And they said, ""Oh yeah?"" And I said, ""Yeah.""

And then we got a call"
Television,1,2,2,0.2995476147532463,0.8696305325627327,0.5700829178094864,"I was just thinking about something. Did you know that the first time I ever saw a television was in my parents' living room? It was on Christmas Eve, and I remember being so excited to see it. And then I remember being so disappointed when it didn't work out.

I'm"
Television,2,2,16,0.37727249979972843,0.9473554176092148,0.5700829178094864,"I was talking to somebody the other day, and they were telling me that they're going to be doing a show on the History Channel. I said, ""What's the History Channel?"" They said, ""Well, it's a channel where you can watch old movies."" I said, ""That sounds like something that would"
The Black Death,1,2,1,0.27081163048744206,0.8980679553747177,0.6272563248872757,"I was talking to somebody the other day, and they were telling me that it's not a disease. It's just a bunch of people who are sick.""

""You're not going to get rid of it,"" he said. ""It's going to be there for the rest of your life.""  "
The Black Death,2,2,15,0.29078294813632966,0.9180392730236053,0.6272563248872757,"I was just thinking about something. Did you know that the Black Death killed an estimated 25 million people in Europe between 1347 and 1351?

It's a very, very important point to make. It's not a coincidence that the Black Death is associated with Europe. The Black Death was also"
The Civil War,1,2,4,0.20102691814303397,0.9136115097999573,0.7125845916569233,"I was talking to somebody the other day, and they were telling me that I had to get out of here. I said, 'Well, you know what? You're right.' ""

The man who spoke with him was a friend of his father's. He said he'd been in the Army for 30 years"
The Civil War,2,2,13,0.24050681516528127,0.9530914068222046,0.7125845916569233,"I was just thinking about something. Did you know that the Civil War was fought over a woman's right to vote?  It wasn't just the South, it was all of America.  The South had a lot of support from women and they were fighting for their rights.  They"
The Cold War,1,2,0,0.26362209975719453,0.9564557346701622,0.6928336349129677,"I was talking to somebody the other day, and they were telling me that the Cold War is over. I said, 'What do you mean?' They said, 'Well, it's not as bad as it used to be.' And I said, 'Well then what are we going to do about it?' ""
"
The Cold War,2,2,12,0.26529847413301466,0.9581321090459823,0.6928336349129677,"I was talking to somebody the other day, and they were telling me that  the Cold War was over.  They were saying that we had a new Cold War going on.  And I said, ""Well, what do you mean by that?"" They said, ""Well, we're not fighting anymore"
The Gulf War,1,2,6,0.32904627174139023,0.9229392483830452,0.593892977,"I was talking to somebody the other day, and they were telling me that the Gulf War is a war of ideas. And I said, ""Well, what do you mean?"" They said, ""Well, it's a war of ideas because we're fighting for democracy.""

And I said: ""What does that"
The Gulf War,2,2,19,0.3230022238194943,0.9168952004611493,0.593892977,"I was talking to somebody the other day, and they were telling me that they had been in a war. I said, ""Well, what do you mean?"" They said, ""Well, we were in a war with Iraq."" And I said, ""What did you mean by that?"" They said: ""Well,"
The Vietnam War,1,2,4,0.23666817456483835,0.9083541345596313,0.67168596,"I was just thinking about something. Did you know that the US government had a secret program to create synthetic humans?

It's not a new idea, but it's one that has been around for decades. The CIA and the Pentagon have been working on this for years, and they've created many"
The Vietnam War,2,2,0,0.23511731475591657,0.9068032747507095,0.67168596,"I was just thinking about something. Did you know that it's a war, but I don't talk about the fact that we're still fighting it today. I don't talk about the fact that we're still fighting it in Afghanistan and Iraq.

I'm not going to get into the details"
Tidiness,1,2,0,0.1260384944081307,0.585521683,0.45948318898677826,"I was just thinking about something. Did you know that the word ""tidiness"" comes from the Latin word ""tidus,"" meaning to be in a state of confusion?

Tidiness is a state of mind where we are not sure what to do or where to go, and"
Tidiness,2,2,0,0.2836071442067623,0.7430903331935406,0.45948318898677826,"I was just thinking about something. Did you know that I'm a very tidy person, but it's not because I'm a perfectionist. It's because I like to keep things neat and tidy.  I think that's why my parents were so happy when they found out that I had been"
Toilet,1,2,0,0.25006737947463986,0.7161101844906806,0.4660428050160408,"I was just thinking about something. Did you know that the average person has more than 1,000 thoughts per day? That's a lot of thoughts! And we all have them. But most of us don't even realize it.

But what if I told you that your mind is full of"
Toilet,2,2,13,0.48889490306377414,0.9549377080798149,0.4660428050160408,"I was talking to somebody the other day, and they were telling me that they're so much better than the ones in Japan. I think it's because of the way that you have to go down into them. In Japan, you just push a button and there's a hole in your toilet bowl. But here, you"
Tree,1,2,1,0.20591061294078827,0.8065165337920189,0.6006059208512307,"I was just thinking about something. Did you know that the tree in the picture is a real tree?

The next day, I went to my friend's house and we were talking about it. We were both thinking that maybe it was a fake one. I said, ""Yeah, but what"
Tree,2,2,7,0.3404250314831734,0.941030952,0.6006059208512307,"I was just thinking about something. Did you know that the average person uses a tree for 30 minutes per day?  The average person uses a tree for 30 minutes per day.  That's how much time we spend in our cars, on the bus, in the office and so on."
Tsunami,1,2,0,0.24411318808794025,0.7686863368749619,0.5245731487870217,"I was just thinking about something. Did you know that the first tsunami to hit Japan in recorded history was a 9.0 magnitude earthquake?

The second tsunami, which struck on March 11, 2011, killed more than 15,000 people and left thousands of others missing.

A third tsunami"
Tsunami,2,2,22,0.23840381801128385,0.7629769667983055,0.5245731487870217,"I was just thinking about something. Did you know that the first time I saw a tsunami, it was in Japan? I didn't know anything about it. It was in the middle of the night and I woke up to this huge wave coming at me and my house.

""It's like"
Vacation,1,2,0,0.20821115911006927,0.7307313245534897,0.5225201654434204,"I was talking to somebody the other day, and they were telling me that I had a lot of energy. I said, 'What do you mean?' They said, 'You're so energetic.' And I said, 'Well what do you mean by that?' They said, 'You're so energetic.' And then they"
Vacation,2,2,4,0.38320367902517316,0.9057238444685936,0.5225201654434204,"I was just thinking about something. Did you know that the average American spends over a year on vacations?  That's right, we spend more time on vacations than we do in school!  And if you're like me, you probably have a lot of vacation days saved up.  "
Vegetables,1,2,0,0.4947271773219109,0.9409821632504464,0.44625498592853546,"I was talking to somebody the other day, and they were telling me that I should be eating more vegetables. And I said, ""Well, what do you mean?"" And they said, ""Well, you know what? You should be eating more vegetables.""

And I'm like, ""What? What are you"
Vegetables,2,2,3,0.4986363750696183,0.9448913609981537,0.44625498592853546,"I was talking to somebody the other day, and they were telling me that I should eat more vegetables. And I said, ""Well, you know what? You're right."" And then I started eating more vegetables.

And then it was like a year later and they were saying, ""You know what? You"
Violence,1,2,3,0.10353231016546494,0.7436506954208016,0.6401183852553367,"I was talking to somebody the other day, and they were telling me that they're going to have a new policy in place for the next couple of years. And I said, ""What's that?"" And they said, ""Well, we're going to be having a lot more people coming into the country.""

"
Violence,2,2,3,0.25588791340589534,0.896006299,0.6401183852553367,"I was talking to somebody the other day, and they were telling me that I should be more violent. They said that violence is a way of life, and it's not something you can change. And I said, ""No, no it's not.""

And then they started telling me about how I should be"
War,1,2,3,0.2541878136992455,0.8602399563789368,0.6060521426796913,"I was just thinking about something. Did you know that there are people who can't even get a job because they don't have a college degree?""

""Yeah, I know,"" said the man. ""But it's not like they're unemployable.""

""Well, that's what"
War,2,2,3,0.33210596710443496,0.9381581097841263,0.6060521426796913,"I was talking to somebody the other day, and they were telling me that war is a good thing. I said ""No, it's not.""

They said ""Oh, you're right. It's a good thing."" And then they started telling me about how war is bad for the economy and all these things"
War and Peace,1,2,2,0.1776798528432847,0.6907393610477448,0.5130595082044601,"I was just thinking about something. Did you know that the first thing a person does when they wake up in the morning is to think about what they're going to do for breakfast?

""It's a good way of getting yourself ready for the day,"" he said. ""And it's also"
War and Peace,2,2,3,0.2135418859124184,0.7266013941168785,0.5130595082044601,"I was just thinking about something. Did you know that I would never be able to get the time to do it  and I was going to have to find a way around it.
The next day, I went back and looked at my notes from the previous week and noticed that there were some"
Weddings,1,2,2,0.3580871796607972,0.9076781842112541,0.549591005,"I was just thinking about something. Did you know that the average wedding costs $10,000?

The average cost of a wedding is $10,000. That's why we're offering our couples the opportunity to get married for free! We've partnered with WeddingWire to offer our couples a"
Weddings,2,2,0,0.41628925472497946,0.9658802592754364,0.549591005,"I was talking to somebody the other day, and they were telling me that they had been planning a wedding for months. I said ""You have no idea how long I've been planning this!"" They said ""No, we have been planning it for years.""

I'm not saying that you should be in a hurry"
Wildlife,1,2,2,0.25748573929071417,0.8890676718950271,0.631581933,"I was just thinking about something. Did you know that there are over a million species of butterflies in the world? That's a lot of butterflies!

I'm going to be honest with you, I've never seen one before. But I have heard that they're pretty cool.

What"
Wildlife,2,2,17,0.29359918043017386,0.9251811130344868,0.631581933,"I was talking to somebody the other day, and they were telling me that they're going to be hunting in the mountains. I said, ""Oh, you mean deer?"" They said, ""No no no. We're going to be hunting in the woods."" And I said, ""Oh yeah? What kind of deer"
Winter,1,2,1,0.19081269770860676,0.7522365731000901,0.5614238753914833,"I was just thinking about something. Did you know that there's a whole new kind of snowflake in town? It's called a ""Snowflake"" and it's made out of pure, unadulterated happiness.""

""What?"" Weiss asked, confused. ""What do you mean"
Winter,2,2,5,0.3319052026420831,0.8933290780335664,0.5614238753914833,"I was just thinking about something. Did you know that 

The first time I saw the snow, I thought it was a big snowman.

I think that's why we're so excited to see the snow this year!           "
Women,1,2,3,0.082163561,0.9218845839798451,0.8397210231423378,"I was talking to somebody the other day, and they were telling me that I'm not a feminist. And I said, 'Well, what do you mean?' And they said, 'Well, you're not really a feminist.' And I said, 'Well what do you mean by that?' They said: 'You"
Women,2,2,20,0.11590498775243763,0.9556260108947754,0.8397210231423378,"I was talking to somebody the other day, and they were telling me that they had a friend who was going to be in town for a few days. They said, ""We're going to go out for dinner and we're going to have some drinks."" And I said, ""Oh my God! That's so nice"
World War 1,1,2,20,0.17977155983448023,0.7728488850593567,0.5930773252248764,"I was just thinking about something. Did you know that the first person to ever use a nuclear weapon was the Japanese? And that's why they're so afraid of us.""

""Oh, I'm sorry,"" said Harry. ""I didn't mean to offend you.""

""No,"
World War 1,2,2,16,0.2879645045101642,0.8810418297350406,0.5930773252248764,"I was just thinking about something. Did you know that the first tank to enter the battle of Verdun had a gun with a range of 200m?

""The Germans used to say that if they were going to lose, they would lose in the trenches and not on the battlefield.""

"
World War 2,1,2,1,0.1419357835873961,0.7379460452124477,0.5960102616250516,"I was talking to somebody the other day, and they were telling me that I had a great job. I said, 'What job?' And they said, 'You're a spy.'

""And I said, 'Well, what do you mean by that?' And they said: 'Well, you know we"
World War 2,2,2,16,0.3002733112871646,0.8962835729122162,0.5960102616250516,"I was talking to somebody the other day, and they were telling me that World War 2 was a lot more interesting than WW1. I'm not sure if it's because of the war or because of my age but I don't think it's just because of my age.

What are your thoughts on the current"
YouTube,1,2,2,0.32375023514032364,0.8292305499315262,0.5054803147912026,"I was talking to somebody the other day, and they were telling me that they're going to be able to do something about this. And I said, ""What?"" They said, ""Well, we've got a new algorithm.""

And I said, ""What algorithm?"" And they said, ""The one that"
YouTube,2,2,16,0.3991850459575652,0.9046653607487678,0.5054803147912026,"I was talking to somebody the other day, and they were telling me that there's a lot of people who are making money off of YouTube. I'm like, ""Oh my God."" I don't know what you're talking about.

I think it's funny that you say that because it's like, """
Zombies,1,2,3,0.3584288178384304,0.8123609834909439,0.4539321656525135,"I was just thinking about something. Did you know that there are more than 2,000 different types of zombies? And that's not even counting the ones we've already seen.

The Walking Dead is a show about people who have been turned into zombies by a virus, and it's all done"
Zombies,2,2,15,0.4294460621476174,0.8833782278001309,0.4539321656525135,"I was talking to somebody the other day, and they were telling me that I'm not a zombie. I'm a zombie.

""I don't know what it is about me, but I just feel like there's something in my brain that's going crazy.""

The only thing that keeps him from being"
